Date,Team,NET_Rank
11/30/2025,Michigan,1
11/30/2025,Duke,2
11/30/2025,Purdue,3
11/30/2025,Vanderbilt,4
11/30/2025,Gonzaga,5
11/30/2025,Arizona,6
11/30/2025,Iowa St.,7
11/30/2025,UConn,8
11/30/2025,Louisville,9
11/30/2025,Michigan St.,10
11/30/2025,Indiana,11
11/30/2025,Tennessee,12
11/30/2025,BYU,13
11/30/2025,Alabama,14
11/30/2025,Kentucky,15
11/30/2025,Iowa,16
11/30/2025,Kansas,17
11/30/2025,Houston,18
11/30/2025,LSU,19
11/30/2025,Southern California,20
11/30/2025,Butler,21
11/30/2025,Utah St.,22
11/30/2025,St. John's (NY),23
11/30/2025,Illinois,24
11/30/2025,Yale,25
11/30/2025,North Carolina,26
11/30/2025,Tulsa,27
11/30/2025,Nebraska,28
11/30/2025,Saint Mary's (CA),29
11/30/2025,Auburn,30
11/30/2025,Virginia,31
11/30/2025,Santa Clara,32
11/30/2025,Florida,33
11/30/2025,Clemson,34
11/30/2025,Belmont,35
11/30/2025,Georgia,36
11/30/2025,Texas Tech,37
11/30/2025,Miami (FL),38
11/30/2025,SMU,39
11/30/2025,NC State,40
11/30/2025,UC San Diego,41
11/30/2025,Akron,42
11/30/2025,George Mason,43
11/30/2025,McNeese,44
11/30/2025,Arkansas,45
11/30/2025,Colorado,46
11/30/2025,George Washington,47
11/30/2025,Northwestern,48
11/30/2025,Saint Louis,49
11/30/2025,Seton Hall,50
11/30/2025,Missouri,51
11/30/2025,California,52
11/30/2025,Oklahoma St.,53
11/30/2025,TCU,54
11/30/2025,Kansas St.,55
11/30/2025,Wake Forest,56
11/30/2025,VCU,57
11/30/2025,UCF,58
11/30/2025,Wyoming,59
11/30/2025,Columbia,60
11/30/2025,California Baptist,61
11/30/2025,High Point,62
11/30/2025,Ohio St.,63
11/30/2025,Villanova,64
11/30/2025,Rhode Island,65
11/30/2025,Colorado St.,66
11/30/2025,Baylor,67
11/30/2025,Texas,68
11/30/2025,Wisconsin,69
11/30/2025,New Mexico St.,70
11/30/2025,William & Mary,71
11/30/2025,Utah Valley,72
11/30/2025,UNI,73
11/30/2025,Washington,74
11/30/2025,Winthrop,75
11/30/2025,UCLA,76
11/30/2025,South Fla.,77
11/30/2025,Sam Houston,78
11/30/2025,Texas A&M,79
11/30/2025,Boise St.,80
11/30/2025,Pacific,81
11/30/2025,Florida St.,82
11/30/2025,Penn St.,83
11/30/2025,Virginia Tech,84
11/30/2025,Northern Colo.,85
11/30/2025,Notre Dame,86
11/30/2025,Buffalo,87
11/30/2025,Dayton,88
11/30/2025,Austin Peay,89
11/30/2025,Syracuse,90
11/30/2025,St. Bonaventure,91
11/30/2025,Mercer,92
11/30/2025,Murray St.,93
11/30/2025,Oklahoma,94
11/30/2025,Western Ky.,95
11/30/2025,Ole Miss,96
11/30/2025,Davidson,97
11/30/2025,UAB,98
11/30/2025,South Carolina,99
11/30/2025,Arizona St.,100
11/30/2025,UNCW,101
11/30/2025,Xavier,102
11/30/2025,West Virginia,103
11/30/2025,Wichita St.,104
11/30/2025,Illinois St.,105
11/30/2025,Hofstra,106
11/30/2025,Stanford,107
11/30/2025,Miami (OH),108
11/30/2025,Seattle U,109
11/30/2025,Lipscomb,110
11/30/2025,Bowling Green,111
11/30/2025,New Mexico,112
11/30/2025,Towson,113
11/30/2025,ETSU,114
11/30/2025,Oakland,115
11/30/2025,Cornell,116
11/30/2025,South Alabama,117
11/30/2025,Nevada,118
11/30/2025,Creighton,119
11/30/2025,Fla. Atlantic,120
11/30/2025,San Francisco,121
11/30/2025,Georgetown,122
11/30/2025,San Diego St.,123
11/30/2025,Middle Tenn.,124
11/30/2025,Liberty,125
11/30/2025,UC Davis,126
11/30/2025,Providence,127
11/30/2025,SFA,128
11/30/2025,Tennessee St.,129
11/30/2025,Southern Miss.,130
11/30/2025,Idaho St.,131
11/30/2025,Marshall,132
11/30/2025,Troy,133
11/30/2025,Hawaii,134
11/30/2025,Bradley,135
11/30/2025,Richmond,136
11/30/2025,Portland St.,137
11/30/2025,St. Thomas (MN),138
11/30/2025,UT Martin,139
11/30/2025,Vermont,140
11/30/2025,Colgate,141
11/30/2025,UC Irvine,142
11/30/2025,LMU (CA),143
11/30/2025,Minnesota,144
11/30/2025,Stony Brook,145
11/30/2025,Quinnipiac,146
11/30/2025,Pittsburgh,147
11/30/2025,Northern Ky.,148
11/30/2025,Marist,149
11/30/2025,Toledo,150
11/30/2025,Central Conn. St.,151
11/30/2025,Siena,152
11/30/2025,Drake,153
11/30/2025,Cincinnati,154
11/30/2025,Elon,155
11/30/2025,Lamar University,156
11/30/2025,Kent St.,157
11/30/2025,Tarleton St.,158
11/30/2025,Fresno St.,159
11/30/2025,Memphis,160
11/30/2025,New Orleans,161
11/30/2025,UT Arlington,162
11/30/2025,Grand Canyon,163
11/30/2025,UC Santa Barbara,164
11/30/2025,Montana St.,165
11/30/2025,Boston College,166
11/30/2025,Marquette,167
11/30/2025,Iona,168
11/30/2025,Wright St.,169
11/30/2025,Eastern Mich.,170
11/30/2025,Robert Morris,171
11/30/2025,Mississippi St.,172
11/30/2025,Wofford,173
11/30/2025,UTRGV,174
11/30/2025,Utah,175
11/30/2025,Northeastern,176
11/30/2025,James Madison,177
11/30/2025,South Dakota St.,178
11/30/2025,North Dakota St.,179
11/30/2025,Youngstown St.,180
11/30/2025,Southern Ill.,181
11/30/2025,Weber St.,182
11/30/2025,DePaul,183
11/30/2025,Cal Poly,184
11/30/2025,Temple,185
11/30/2025,Rutgers,186
11/30/2025,LIU,187
11/30/2025,SIUE,188
11/30/2025,Arkansas St.,189
11/30/2025,Montana,190
11/30/2025,Idaho,191
11/30/2025,Oregon,192
11/30/2025,Boston U.,193
11/30/2025,Navy,194
11/30/2025,Cal St. Fullerton,195
11/30/2025,UIC,196
11/30/2025,Harvard,197
11/30/2025,Wagner,198
11/30/2025,Green Bay,199
11/30/2025,Maryland,200
11/30/2025,Georgia Tech,201
11/30/2025,Duquesne,202
11/30/2025,Fairfield,203
11/30/2025,Denver,204
11/30/2025,Indiana St.,205
11/30/2025,Alabama St.,206
11/30/2025,Monmouth,207
11/30/2025,Massachusetts,208
11/30/2025,Kennesaw St.,209
11/30/2025,UNC Asheville,210
11/30/2025,Jacksonville,211
11/30/2025,N.C. A&T,212
11/30/2025,Northern Ariz.,213
11/30/2025,Furman,214
11/30/2025,Norfolk St.,215
11/30/2025,Coastal Carolina,216
11/30/2025,Southeast Mo. St.,217
11/30/2025,Penn,218
11/30/2025,FGCU,219
11/30/2025,Charlotte,220
11/30/2025,UNLV,221
11/30/2025,Milwaukee,222
11/30/2025,Portland,223
11/30/2025,Grambling,224
11/30/2025,Washington St.,225
11/30/2025,North Texas,226
11/30/2025,UC Riverside,227
11/30/2025,Valparaiso,228
11/30/2025,Col. of Charleston,229
11/30/2025,CSU Bakersfield,230
11/30/2025,UIW,231
11/30/2025,American,232
11/30/2025,USC Upstate,233
11/30/2025,Charleston So.,234
11/30/2025,Queens (NC),235
11/30/2025,Tulane,236
11/30/2025,Louisiana Tech,237
11/30/2025,Fordham,238
11/30/2025,Ga. Southern,239
11/30/2025,Bethune-Cookman,240
11/30/2025,Old Dominion,241
11/30/2025,A&M-Corpus Christi,242
11/30/2025,Utah Tech,243
11/30/2025,UMBC,244
11/30/2025,Campbell,245
11/30/2025,Rice,246
11/30/2025,Pepperdine,247
11/30/2025,Lindenwood,248
11/30/2025,Hampton,249
11/30/2025,East Texas A&M,250
11/30/2025,FIU,251
11/30/2025,IU Indy,252
11/30/2025,Western Caro.,253
11/30/2025,Lehigh,254
11/30/2025,Sacramento St.,255
11/30/2025,Presbyterian,256
11/30/2025,NIU,257
11/30/2025,San Jose St.,258
11/30/2025,Southern U.,259
11/30/2025,West Ga.,260
11/30/2025,South Dakota,261
11/30/2025,Morehead St.,262
11/30/2025,Princeton,263
11/30/2025,Merrimack,264
11/30/2025,Oregon St.,265
11/30/2025,Delaware,266
11/30/2025,Saint Joseph's,267
11/30/2025,Mercyhurst,268
11/30/2025,Tennessee Tech,269
11/30/2025,Bellarmine,270
11/30/2025,Texas St.,271
11/30/2025,Prairie View,272
11/30/2025,Jacksonville St.,273
11/30/2025,Samford,274
11/30/2025,Brown,275
11/30/2025,Alabama A&M,276
11/30/2025,La Salle,277
11/30/2025,Drexel,278
11/30/2025,San Diego,279
11/30/2025,Southeastern La.,280
11/30/2025,Oral Roberts,281
11/30/2025,Eastern Wash.,282
11/30/2025,Abilene Christian,283
11/30/2025,Nicholls,284
11/30/2025,Central Mich.,285
11/30/2025,Air Force,286
11/30/2025,Ohio,287
11/30/2025,CSUN,288
11/30/2025,Le Moyne,289
11/30/2025,App State,290
11/30/2025,Chattanooga,291
11/30/2025,Western Mich.,292
11/30/2025,Dartmouth,293
11/30/2025,UTSA,294
11/30/2025,Sacred Heart,295
11/30/2025,North Dakota,296
11/30/2025,Missouri St.,297
11/30/2025,Howard,298
11/30/2025,Central Ark.,299
11/30/2025,Purdue Fort Wayne,300
11/30/2025,Houston Christian,301
11/30/2025,Omaha,302
11/30/2025,Long Beach St.,303
11/30/2025,Bucknell,304
11/30/2025,Longwood,305
11/30/2025,UNC Greensboro,306
11/30/2025,North Florida,307
11/30/2025,Southern Ind.,308
11/30/2025,Bryant,309
11/30/2025,Detroit Mercy,310
11/30/2025,Manhattan,311
11/30/2025,UTEP,312
11/30/2025,Loyola Maryland,313
11/30/2025,Eastern Ky.,314
11/30/2025,New Haven,315
11/30/2025,Holy Cross,316
11/30/2025,Evansville,317
11/30/2025,Alcorn,318
11/30/2025,North Ala.,319
11/30/2025,East Carolina,320
11/30/2025,Army West Point,321
11/30/2025,Maine,322
11/30/2025,NJIT,323
11/30/2025,Little Rock,324
11/30/2025,Eastern Ill.,325
11/30/2025,UMass Lowell,326
11/30/2025,UAlbany,327
11/30/2025,Radford,328
11/30/2025,Canisius,329
11/30/2025,UMES,330
11/30/2025,Cleveland St.,331
11/30/2025,Stetson,332
11/30/2025,Chicago St.,333
11/30/2025,Mount St. Mary's,334
11/30/2025,Ark.-Pine Bluff,335
11/30/2025,VMI,336
11/30/2025,Texas Southern,337
11/30/2025,Kansas City,338
11/30/2025,Stonehill,339
11/30/2025,Ball St.,340
11/30/2025,Jackson St.,341
11/30/2025,N.C. Central,342
11/30/2025,Southern Utah,343
11/30/2025,Western Ill.,344
11/30/2025,Niagara,345
11/30/2025,Northwestern St.,346
11/30/2025,Saint Peter's,347
11/30/2025,Louisiana,348
11/30/2025,Georgia St.,349
11/30/2025,Lafayette,350
11/30/2025,ULM,351
11/30/2025,Florida A&M,352
11/30/2025,Morgan St.,353
11/30/2025,Loyola Chicago,354
11/30/2025,New Hampshire,355
11/30/2025,South Carolina St.,356
11/30/2025,Gardner-Webb,357
11/30/2025,FDU,358
11/30/2025,Saint Francis,359
11/30/2025,Coppin St.,360
11/30/2025,Mississippi Val.,361
11/30/2025,Delaware St.,362
11/30/2025,Rider,363
11/30/2025,Binghamton,364
11/30/2025,The Citadel,365
12/1/2025,Michigan,1
12/1/2025,Duke,2
12/1/2025,Purdue,3
12/1/2025,Vanderbilt,4
12/1/2025,Gonzaga,5
12/1/2025,Arizona,6
12/1/2025,Iowa St.,7
12/1/2025,UConn,8
12/1/2025,Louisville,9
12/1/2025,Michigan St.,10
12/1/2025,Tennessee,11
12/1/2025,Alabama,12
12/1/2025,Indiana,13
12/1/2025,BYU,14
12/1/2025,Kentucky,15
12/1/2025,Iowa,16
12/1/2025,Kansas,17
12/1/2025,Houston,18
12/1/2025,LSU,19
12/1/2025,Utah St.,20
12/1/2025,Butler,21
12/1/2025,St. John's (NY),22
12/1/2025,Southern California,23
12/1/2025,Illinois,24
12/1/2025,Yale,25
12/1/2025,North Carolina,26
12/1/2025,Saint Mary's (CA),27
12/1/2025,Auburn,28
12/1/2025,Virginia,29
12/1/2025,Clemson,30
12/1/2025,Florida,31
12/1/2025,Nebraska,32
12/1/2025,Belmont,33
12/1/2025,Georgia,34
12/1/2025,Tulsa,35
12/1/2025,Santa Clara,36
12/1/2025,Texas Tech,37
12/1/2025,Miami (FL),38
12/1/2025,Colorado,39
12/1/2025,Akron,40
12/1/2025,SMU,41
12/1/2025,NC State,42
12/1/2025,UC San Diego,43
12/1/2025,George Mason,44
12/1/2025,Arkansas,45
12/1/2025,Northwestern,46
12/1/2025,George Washington,47
12/1/2025,Saint Louis,48
12/1/2025,Seton Hall,49
12/1/2025,Missouri,50
12/1/2025,TCU,51
12/1/2025,Oklahoma St.,52
12/1/2025,Villanova,53
12/1/2025,Wake Forest,54
12/1/2025,UCF,55
12/1/2025,VCU,56
12/1/2025,Wyoming,57
12/1/2025,California,58
12/1/2025,Columbia,59
12/1/2025,High Point,60
12/1/2025,McNeese,61
12/1/2025,Ohio St.,62
12/1/2025,Bowling Green,63
12/1/2025,Colorado St.,64
12/1/2025,William & Mary,65
12/1/2025,Rhode Island,66
12/1/2025,California Baptist,67
12/1/2025,Wisconsin,68
12/1/2025,Texas,69
12/1/2025,Baylor,70
12/1/2025,New Mexico St.,71
12/1/2025,UCLA,72
12/1/2025,Utah Valley,73
12/1/2025,Washington,74
12/1/2025,UNI,75
12/1/2025,Winthrop,76
12/1/2025,South Fla.,77
12/1/2025,Texas A&M,78
12/1/2025,Sam Houston,79
12/1/2025,Boise St.,80
12/1/2025,Florida St.,81
12/1/2025,Virginia Tech,82
12/1/2025,Pacific,83
12/1/2025,Penn St.,84
12/1/2025,Kansas St.,85
12/1/2025,Dayton,86
12/1/2025,Davidson,87
12/1/2025,Buffalo,88
12/1/2025,Notre Dame,89
12/1/2025,Northern Colo.,90
12/1/2025,Syracuse,91
12/1/2025,St. Bonaventure,92
12/1/2025,Stanford,93
12/1/2025,Western Ky.,94
12/1/2025,Mercer,95
12/1/2025,Oklahoma,96
12/1/2025,Austin Peay,97
12/1/2025,Ole Miss,98
12/1/2025,Murray St.,99
12/1/2025,South Carolina,100
12/1/2025,Wichita St.,101
12/1/2025,Arizona St.,102
12/1/2025,West Virginia,103
12/1/2025,UNCW,104
12/1/2025,ETSU,105
12/1/2025,Hofstra,106
12/1/2025,Seattle U,107
12/1/2025,Middle Tenn.,108
12/1/2025,Illinois St.,109
12/1/2025,Miami (OH),110
12/1/2025,Lipscomb,111
12/1/2025,Towson,112
12/1/2025,New Mexico,113
12/1/2025,Xavier,114
12/1/2025,Oakland,115
12/1/2025,Cornell,116
12/1/2025,San Francisco,117
12/1/2025,Creighton,118
12/1/2025,Nevada,119
12/1/2025,UAB,120
12/1/2025,Georgetown,121
12/1/2025,Fla. Atlantic,122
12/1/2025,Liberty,123
12/1/2025,Providence,124
12/1/2025,South Alabama,125
12/1/2025,San Diego St.,126
12/1/2025,UC Davis,127
12/1/2025,Tennessee St.,128
12/1/2025,Southern Miss.,129
12/1/2025,SFA,130
12/1/2025,Marshall,131
12/1/2025,Idaho St.,132
12/1/2025,Bradley,133
12/1/2025,Cincinnati,134
12/1/2025,Richmond,135
12/1/2025,Hawaii,136
12/1/2025,Portland St.,137
12/1/2025,Iona,138
12/1/2025,St. Thomas (MN),139
12/1/2025,UT Martin,140
12/1/2025,Vermont,141
12/1/2025,Colgate,142
12/1/2025,Minnesota,143
12/1/2025,UC Irvine,144
12/1/2025,Pittsburgh,145
12/1/2025,Quinnipiac,146
12/1/2025,Stony Brook,147
12/1/2025,Northern Ky.,148
12/1/2025,LMU (CA),149
12/1/2025,Central Conn. St.,150
12/1/2025,Drake,151
12/1/2025,Siena,152
12/1/2025,Marist,153
12/1/2025,Lamar University,154
12/1/2025,Fresno St.,155
12/1/2025,Memphis,156
12/1/2025,Elon,157
12/1/2025,New Orleans,158
12/1/2025,Grand Canyon,159
12/1/2025,UT Arlington,160
12/1/2025,Toledo,161
12/1/2025,UC Santa Barbara,162
12/1/2025,Troy,163
12/1/2025,Montana St.,164
12/1/2025,Kent St.,165
12/1/2025,Eastern Mich.,166
12/1/2025,Boston College,167
12/1/2025,Marquette,168
12/1/2025,Robert Morris,169
12/1/2025,Wright St.,170
12/1/2025,Utah,171
12/1/2025,Wofford,172
12/1/2025,Northeastern,173
12/1/2025,James Madison,174
12/1/2025,UTRGV,175
12/1/2025,Mississippi St.,176
12/1/2025,South Dakota St.,177
12/1/2025,DePaul,178
12/1/2025,UIW,179
12/1/2025,Tarleton St.,180
12/1/2025,Youngstown St.,181
12/1/2025,Weber St.,182
12/1/2025,Cal Poly,183
12/1/2025,Rutgers,184
12/1/2025,LIU,185
12/1/2025,North Dakota St.,186
12/1/2025,Montana,187
12/1/2025,SIUE,188
12/1/2025,Southern Ill.,189
12/1/2025,Temple,190
12/1/2025,Boston U.,191
12/1/2025,Oregon,192
12/1/2025,Navy,193
12/1/2025,Green Bay,194
12/1/2025,Georgia Tech,195
12/1/2025,UIC,196
12/1/2025,Idaho,197
12/1/2025,Arkansas St.,198
12/1/2025,Harvard,199
12/1/2025,Cal St. Fullerton,200
12/1/2025,Wagner,201
12/1/2025,Duquesne,202
12/1/2025,Maryland,203
12/1/2025,Fairfield,204
12/1/2025,Denver,205
12/1/2025,Massachusetts,206
12/1/2025,Indiana St.,207
12/1/2025,Monmouth,208
12/1/2025,N.C. A&T,209
12/1/2025,UNC Asheville,210
12/1/2025,Jacksonville,211
12/1/2025,Northern Ariz.,212
12/1/2025,Kennesaw St.,213
12/1/2025,Alabama St.,214
12/1/2025,Norfolk St.,215
12/1/2025,Charlotte,216
12/1/2025,West Ga.,217
12/1/2025,Penn,218
12/1/2025,Southeast Mo. St.,219
12/1/2025,FGCU,220
12/1/2025,UNLV,221
12/1/2025,North Texas,222
12/1/2025,Milwaukee,223
12/1/2025,Washington St.,224
12/1/2025,Furman,225
12/1/2025,Valparaiso,226
12/1/2025,USC Upstate,227
12/1/2025,Grambling,228
12/1/2025,Col. of Charleston,229
12/1/2025,Coastal Carolina,230
12/1/2025,UC Riverside,231
12/1/2025,CSU Bakersfield,232
12/1/2025,American,233
12/1/2025,Fordham,234
12/1/2025,Charleston So.,235
12/1/2025,Tulane,236
12/1/2025,Queens (NC),237
12/1/2025,Portland,238
12/1/2025,Louisiana Tech,239
12/1/2025,Ga. Southern,240
12/1/2025,Old Dominion,241
12/1/2025,Bethune-Cookman,242
12/1/2025,Utah Tech,243
12/1/2025,UMBC,244
12/1/2025,A&M-Corpus Christi,245
12/1/2025,Campbell,246
12/1/2025,Pepperdine,247
12/1/2025,Western Caro.,248
12/1/2025,Lindenwood,249
12/1/2025,Hampton,250
12/1/2025,FIU,251
12/1/2025,Rice,252
12/1/2025,IU Indy,253
12/1/2025,East Texas A&M,254
12/1/2025,Lehigh,255
12/1/2025,Sacramento St.,256
12/1/2025,Presbyterian,257
12/1/2025,Tennessee Tech,258
12/1/2025,Princeton,259
12/1/2025,Southern U.,260
12/1/2025,South Dakota,261
12/1/2025,NIU,262
12/1/2025,Morehead St.,263
12/1/2025,San Jose St.,264
12/1/2025,Oregon St.,265
12/1/2025,Texas St.,266
12/1/2025,Merrimack,267
12/1/2025,Saint Joseph's,268
12/1/2025,Mercyhurst,269
12/1/2025,Prairie View,270
12/1/2025,Samford,271
12/1/2025,Brown,272
12/1/2025,Bellarmine,273
12/1/2025,La Salle,274
12/1/2025,Drexel,275
12/1/2025,Eastern Wash.,276
12/1/2025,Southeastern La.,277
12/1/2025,Abilene Christian,278
12/1/2025,Alabama A&M,279
12/1/2025,Oral Roberts,280
12/1/2025,Nicholls,281
12/1/2025,San Diego,282
12/1/2025,Chattanooga,283
12/1/2025,Central Mich.,284
12/1/2025,North Ala.,285
12/1/2025,Le Moyne,286
12/1/2025,Air Force,287
12/1/2025,Ohio,288
12/1/2025,App State,289
12/1/2025,Western Mich.,290
12/1/2025,Dartmouth,291
12/1/2025,UTSA,292
12/1/2025,CSUN,293
12/1/2025,Sacred Heart,294
12/1/2025,Central Ark.,295
12/1/2025,Howard,296
12/1/2025,Southern Ind.,297
12/1/2025,Missouri St.,298
12/1/2025,Purdue Fort Wayne,299
12/1/2025,North Dakota,300
12/1/2025,Bucknell,301
12/1/2025,Houston Christian,302
12/1/2025,Omaha,303
12/1/2025,Longwood,304
12/1/2025,Long Beach St.,305
12/1/2025,Delaware,306
12/1/2025,North Florida,307
12/1/2025,Bryant,308
12/1/2025,Detroit Mercy,309
12/1/2025,Manhattan,310
12/1/2025,Loyola Maryland,311
12/1/2025,UTEP,312
12/1/2025,UNC Greensboro,313
12/1/2025,Jacksonville St.,314
12/1/2025,Evansville,315
12/1/2025,Eastern Ky.,316
12/1/2025,New Haven,317
12/1/2025,Holy Cross,318
12/1/2025,East Carolina,319
12/1/2025,Alcorn,320
12/1/2025,Maine,321
12/1/2025,NJIT,322
12/1/2025,Army West Point,323
12/1/2025,Little Rock,324
12/1/2025,Eastern Ill.,325
12/1/2025,UMass Lowell,326
12/1/2025,UAlbany,327
12/1/2025,Radford,328
12/1/2025,Canisius,329
12/1/2025,UMES,330
12/1/2025,Cleveland St.,331
12/1/2025,VMI,332
12/1/2025,Stetson,333
12/1/2025,Mount St. Mary's,334
12/1/2025,Chicago St.,335
12/1/2025,Kansas City,336
12/1/2025,Texas Southern,337
12/1/2025,Ark.-Pine Bluff,338
12/1/2025,Stonehill,339
12/1/2025,Ball St.,340
12/1/2025,Jackson St.,341
12/1/2025,Northwestern St.,342
12/1/2025,N.C. Central,343
12/1/2025,Southern Utah,344
12/1/2025,Niagara,345
12/1/2025,Western Ill.,346
12/1/2025,Georgia St.,347
12/1/2025,Louisiana,348
12/1/2025,Lafayette,349
12/1/2025,ULM,350
12/1/2025,Saint Peter's,351
12/1/2025,Florida A&M,352
12/1/2025,Morgan St.,353
12/1/2025,New Hampshire,354
12/1/2025,Loyola Chicago,355
12/1/2025,South Carolina St.,356
12/1/2025,Saint Francis,357
12/1/2025,Gardner-Webb,358
12/1/2025,FDU,359
12/1/2025,Coppin St.,360
12/1/2025,Mississippi Val.,361
12/1/2025,Delaware St.,362
12/1/2025,Rider,363
12/1/2025,Binghamton,364
12/1/2025,The Citadel,365
2025-12-02,Michigan,1
2025-12-02,Duke,2
2025-12-02,Purdue,3
2025-12-02,Gonzaga,4
2025-12-02,Vanderbilt,5
2025-12-02,Arizona,6
2025-12-02,UConn,7
2025-12-02,Iowa St.,8
2025-12-02,Michigan St.,9
2025-12-02,Louisville,10
2025-12-02,Indiana,11
2025-12-02,BYU,12
2025-12-02,Alabama,13
2025-12-02,Georgia,14
2025-12-02,North Carolina,15
2025-12-02,LSU,16
2025-12-02,Houston,17
2025-12-02,Tennessee,18
2025-12-02,Kentucky,19
2025-12-02,Kansas,20
2025-12-02,Utah St.,21
2025-12-02,St. John's (NY),22
2025-12-02,Southern California,23
2025-12-02,Butler,24
2025-12-02,Florida,25
2025-12-02,Illinois,26
2025-12-02,Clemson,27
2025-12-02,Saint Mary's (CA),28
2025-12-02,Iowa,29
2025-12-02,Yale,30
2025-12-02,Miami (FL),31
2025-12-02,Nebraska,32
2025-12-02,Santa Clara,33
2025-12-02,Auburn,34
2025-12-02,Saint Louis,35
2025-12-02,Virginia,36
2025-12-02,Belmont,37
2025-12-02,Texas Tech,38
2025-12-02,Tulsa,39
2025-12-02,Colorado,40
2025-12-02,SMU,41
2025-12-02,Akron,42
2025-12-02,NC State,43
2025-12-02,George Mason,44
2025-12-02,Arkansas,45
2025-12-02,TCU,46
2025-12-02,Northwestern,47
2025-12-02,Oklahoma St.,48
2025-12-02,UCF,49
2025-12-02,George Washington,50
2025-12-02,Seton Hall,51
2025-12-02,Villanova,52
2025-12-02,VCU,53
2025-12-02,McNeese,54
2025-12-02,High Point,55
2025-12-02,Columbia,56
2025-12-02,Oklahoma,57
2025-12-02,Wyoming,58
2025-12-02,Colorado St.,59
2025-12-02,Ohio St.,60
2025-12-02,William & Mary,61
2025-12-02,Bowling Green,62
2025-12-02,UC San Diego,63
2025-12-02,California,64
2025-12-02,Missouri,65
2025-12-02,Baylor,66
2025-12-02,Wisconsin,67
2025-12-02,Texas,68
2025-12-02,Texas A&M,69
2025-12-02,Virginia Tech,70
2025-12-02,Washington,71
2025-12-02,California Baptist,72
2025-12-02,Syracuse,73
2025-12-02,Rhode Island,74
2025-12-02,South Fla.,75
2025-12-02,Dayton,76
2025-12-02,Utah Valley,77
2025-12-02,UCLA,78
2025-12-02,Winthrop,79
2025-12-02,Wake Forest,80
2025-12-02,Boise St.,81
2025-12-02,Sam Houston,82
2025-12-02,UNI,83
2025-12-02,Penn St.,84
2025-12-02,Pacific,85
2025-12-02,Kansas St.,86
2025-12-02,Murray St.,87
2025-12-02,Notre Dame,88
2025-12-02,Stanford,89
2025-12-02,Davidson,90
2025-12-02,St. Bonaventure,91
2025-12-02,Buffalo,92
2025-12-02,Western Ky.,93
2025-12-02,New Mexico St.,94
2025-12-02,Arizona St.,95
2025-12-02,Nevada,96
2025-12-02,Wichita St.,97
2025-12-02,Northern Colo.,98
2025-12-02,UNCW,99
2025-12-02,West Virginia,100
2025-12-02,Hofstra,101
2025-12-02,Middle Tenn.,102
2025-12-02,Seattle U,103
2025-12-02,Illinois St.,104
2025-12-02,Xavier,105
2025-12-02,Georgetown,106
2025-12-02,Creighton,107
2025-12-02,South Alabama,108
2025-12-02,Miami (OH),109
2025-12-02,Drake,110
2025-12-02,Florida St.,111
2025-12-02,Mercer,112
2025-12-02,Austin Peay,113
2025-12-02,Lipscomb,114
2025-12-02,Providence,115
2025-12-02,UAB,116
2025-12-02,Oakland,117
2025-12-02,San Francisco,118
2025-12-02,Cornell,119
2025-12-02,South Carolina,120
2025-12-02,Towson,121
2025-12-02,New Mexico,122
2025-12-02,Fla. Atlantic,123
2025-12-02,Ole Miss,124
2025-12-02,UC Davis,125
2025-12-02,Liberty,126
2025-12-02,San Diego St.,127
2025-12-02,ETSU,128
2025-12-02,Richmond,129
2025-12-02,Tennessee St.,130
2025-12-02,Cincinnati,131
2025-12-02,SFA,132
2025-12-02,Marshall,133
2025-12-02,Idaho St.,134
2025-12-02,Hawaii,135
2025-12-02,Southern Miss.,136
2025-12-02,Iona,137
2025-12-02,Portland St.,138
2025-12-02,St. Thomas (MN),139
2025-12-02,Colgate,140
2025-12-02,UT Martin,141
2025-12-02,Minnesota,142
2025-12-02,Vermont,143
2025-12-02,Bradley,144
2025-12-02,UC Irvine,145
2025-12-02,Siena,146
2025-12-02,Stony Brook,147
2025-12-02,Quinnipiac,148
2025-12-02,Central Conn. St.,149
2025-12-02,Toledo,150
2025-12-02,Marist,151
2025-12-02,Marquette,152
2025-12-02,Elon,153
2025-12-02,Lamar University,154
2025-12-02,Montana St.,155
2025-12-02,Grand Canyon,156
2025-12-02,Kent St.,157
2025-12-02,Pittsburgh,158
2025-12-02,Northern Ky.,159
2025-12-02,Boston College,160
2025-12-02,Troy,161
2025-12-02,New Orleans,162
2025-12-02,Robert Morris,163
2025-12-02,Memphis,164
2025-12-02,UC Santa Barbara,165
2025-12-02,Eastern Mich.,166
2025-12-02,Fresno St.,167
2025-12-02,LMU (CA),168
2025-12-02,Utah,169
2025-12-02,Wright St.,170
2025-12-02,Maryland,171
2025-12-02,SIUE,172
2025-12-02,UTRGV,173
2025-12-02,Arkansas St.,174
2025-12-02,UIW,175
2025-12-02,Mississippi St.,176
2025-12-02,James Madison,177
2025-12-02,DePaul,178
2025-12-02,South Dakota St.,179
2025-12-02,Wofford,180
2025-12-02,Tarleton St.,181
2025-12-02,Cal Poly,182
2025-12-02,Northeastern,183
2025-12-02,UT Arlington,184
2025-12-02,Georgia Tech,185
2025-12-02,Youngstown St.,186
2025-12-02,Lindenwood,187
2025-12-02,North Dakota St.,188
2025-12-02,Montana,189
2025-12-02,Rutgers,190
2025-12-02,Southern Ill.,191
2025-12-02,Weber St.,192
2025-12-02,LIU,193
2025-12-02,Charlotte,194
2025-12-02,Oregon,195
2025-12-02,Navy,196
2025-12-02,UIC,197
2025-12-02,Temple,198
2025-12-02,Green Bay,199
2025-12-02,Boston U.,200
2025-12-02,Northern Ariz.,201
2025-12-02,Idaho,202
2025-12-02,Harvard,203
2025-12-02,Indiana St.,204
2025-12-02,Kennesaw St.,205
2025-12-02,Denver,206
2025-12-02,Monmouth,207
2025-12-02,Massachusetts,208
2025-12-02,Cal St. Fullerton,209
2025-12-02,Fairfield,210
2025-12-02,Duquesne,211
2025-12-02,Washington St.,212
2025-12-02,Norfolk St.,213
2025-12-02,FGCU,214
2025-12-02,West Ga.,215
2025-12-02,Penn,216
2025-12-02,UNC Asheville,217
2025-12-02,UNLV,218
2025-12-02,Alabama St.,219
2025-12-02,Southeast Mo. St.,220
2025-12-02,Milwaukee,221
2025-12-02,Col. of Charleston,222
2025-12-02,Valparaiso,223
2025-12-02,Furman,224
2025-12-02,USC Upstate,225
2025-12-02,Jacksonville,226
2025-12-02,Charleston So.,227
2025-12-02,Tulane,228
2025-12-02,North Texas,229
2025-12-02,Louisiana Tech,230
2025-12-02,Coastal Carolina,231
2025-12-02,Ga. Southern,232
2025-12-02,Portland,233
2025-12-02,American,234
2025-12-02,Queens (NC),235
2025-12-02,UC Riverside,236
2025-12-02,Bethune-Cookman,237
2025-12-02,Wagner,238
2025-12-02,Old Dominion,239
2025-12-02,Grambling,240
2025-12-02,Fordham,241
2025-12-02,Abilene Christian,242
2025-12-02,Utah Tech,243
2025-12-02,UMBC,244
2025-12-02,A&M-Corpus Christi,245
2025-12-02,FIU,246
2025-12-02,CSU Bakersfield,247
2025-12-02,Hampton,248
2025-12-02,Rice,249
2025-12-02,Tennessee Tech,250
2025-12-02,Western Caro.,251
2025-12-02,Campbell,252
2025-12-02,N.C. A&T,253
2025-12-02,San Jose St.,254
2025-12-02,East Texas A&M,255
2025-12-02,Southern U.,256
2025-12-02,IU Indy,257
2025-12-02,Texas St.,258
2025-12-02,Alabama A&M,259
2025-12-02,South Dakota,260
2025-12-02,Oregon St.,261
2025-12-02,Princeton,262
2025-12-02,Presbyterian,263
2025-12-02,Saint Joseph's,264
2025-12-02,Sacramento St.,265
2025-12-02,Merrimack,266
2025-12-02,Mercyhurst,267
2025-12-02,Brown,268
2025-12-02,Bellarmine,269
2025-12-02,Oral Roberts,270
2025-12-02,Drexel,271
2025-12-02,Samford,272
2025-12-02,La Salle,273
2025-12-02,Southeastern La.,274
2025-12-02,Prairie View,275
2025-12-02,Eastern Wash.,276
2025-12-02,Chattanooga,277
2025-12-02,UTSA,278
2025-12-02,Pepperdine,279
2025-12-02,Le Moyne,280
2025-12-02,San Diego,281
2025-12-02,Ohio,282
2025-12-02,Air Force,283
2025-12-02,North Ala.,284
2025-12-02,Morehead St.,285
2025-12-02,Lehigh,286
2025-12-02,Nicholls,287
2025-12-02,App State,288
2025-12-02,Western Mich.,289
2025-12-02,Dartmouth,290
2025-12-02,Omaha,291
2025-12-02,Houston Christian,292
2025-12-02,CSUN,293
2025-12-02,Sacred Heart,294
2025-12-02,Purdue Fort Wayne,295
2025-12-02,Southern Ind.,296
2025-12-02,Bryant,297
2025-12-02,Central Ark.,298
2025-12-02,Missouri St.,299
2025-12-02,Howard,300
2025-12-02,Detroit Mercy,301
2025-12-02,Longwood,302
2025-12-02,Bucknell,303
2025-12-02,East Carolina,304
2025-12-02,Delaware,305
2025-12-02,Long Beach St.,306
2025-12-02,North Dakota,307
2025-12-02,Central Mich.,308
2025-12-02,Manhattan,309
2025-12-02,Jacksonville St.,310
2025-12-02,UTEP,311
2025-12-02,Loyola Maryland,312
2025-12-02,UNC Greensboro,313
2025-12-02,NIU,314
2025-12-02,Holy Cross,315
2025-12-02,New Haven,316
2025-12-02,Alcorn,317
2025-12-02,Evansville,318
2025-12-02,Eastern Ky.,319
2025-12-02,North Florida,320
2025-12-02,Army West Point,321
2025-12-02,Maine,322
2025-12-02,Little Rock,323
2025-12-02,NJIT,324
2025-12-02,Eastern Ill.,325
2025-12-02,UAlbany,326
2025-12-02,Canisius,327
2025-12-02,UMass Lowell,328
2025-12-02,Radford,329
2025-12-02,Cleveland St.,330
2025-12-02,UMES,331
2025-12-02,Kansas City,332
2025-12-02,Mount St. Mary's,333
2025-12-02,VMI,334
2025-12-02,Texas Southern,335
2025-12-02,Stetson,336
2025-12-02,Chicago St.,337
2025-12-02,Ark.-Pine Bluff,338
2025-12-02,Florida A&M,339
2025-12-02,Ball St.,340
2025-12-02,Stonehill,341
2025-12-02,N.C. Central,342
2025-12-02,Niagara,343
2025-12-02,Jackson St.,344
2025-12-02,Northwestern St.,345
2025-12-02,Southern Utah,346
2025-12-02,Georgia St.,347
2025-12-02,Loyola Chicago,348
2025-12-02,Louisiana,349
2025-12-02,Lafayette,350
2025-12-02,Saint Peter's,351
2025-12-02,New Hampshire,352
2025-12-02,Morgan St.,353
2025-12-02,Binghamton,354
2025-12-02,South Carolina St.,355
2025-12-02,ULM,356
2025-12-02,Saint Francis,357
2025-12-02,Gardner-Webb,358
2025-12-02,Coppin St.,359
2025-12-02,Western Ill.,360
2025-12-02,FDU,361
2025-12-02,Delaware St.,362
2025-12-02,Mississippi Val.,363
2025-12-02,Rider,364
2025-12-02,The Citadel,365
2025-12-03,Michigan,1
2025-12-03,Duke,2
2025-12-03,Purdue,3
2025-12-03,Vanderbilt,4
2025-12-03,Gonzaga,5
2025-12-03,Arizona,6
2025-12-03,Iowa St.,7
2025-12-03,UConn,8
2025-12-03,BYU,9
2025-12-03,Michigan St.,10
2025-12-03,Alabama,11
2025-12-03,Louisville,12
2025-12-03,North Carolina,13
2025-12-03,Georgia,14
2025-12-03,Virginia,15
2025-12-03,LSU,16
2025-12-03,Houston,17
2025-12-03,St. John's (NY),18
2025-12-03,Utah St.,19
2025-12-03,Kentucky,20
2025-12-03,Kansas,21
2025-12-03,Tennessee,22
2025-12-03,Butler,23
2025-12-03,Indiana,24
2025-12-03,Southern California,25
2025-12-03,Florida,26
2025-12-03,Illinois,27
2025-12-03,Clemson,28
2025-12-03,Saint Mary's (CA),29
2025-12-03,Auburn,30
2025-12-03,Miami (FL),31
2025-12-03,Nebraska,32
2025-12-03,Arkansas,33
2025-12-03,Iowa,34
2025-12-03,Saint Louis,35
2025-12-03,Yale,36
2025-12-03,Texas Tech,37
2025-12-03,Santa Clara,38
2025-12-03,SMU,39
2025-12-03,Tulsa,40
2025-12-03,George Mason,41
2025-12-03,Colorado,42
2025-12-03,Akron,43
2025-12-03,Villanova,44
2025-12-03,NC State,45
2025-12-03,Seton Hall,46
2025-12-03,TCU,47
2025-12-03,UCF,48
2025-12-03,UCLA,49
2025-12-03,William & Mary,50
2025-12-03,George Washington,51
2025-12-03,Oklahoma St.,52
2025-12-03,Wisconsin,53
2025-12-03,VCU,54
2025-12-03,California,55
2025-12-03,Wyoming,56
2025-12-03,UC San Diego,57
2025-12-03,Oklahoma,58
2025-12-03,Bowling Green,59
2025-12-03,Northwestern,60
2025-12-03,McNeese,61
2025-12-03,Columbia,62
2025-12-03,Ohio St.,63
2025-12-03,Colorado St.,64
2025-12-03,Missouri,65
2025-12-03,Baylor,66
2025-12-03,Virginia Tech,67
2025-12-03,Belmont,68
2025-12-03,Dayton,69
2025-12-03,Syracuse,70
2025-12-03,Texas A&M,71
2025-12-03,Pacific,72
2025-12-03,Winthrop,73
2025-12-03,UNI,74
2025-12-03,Rhode Island,75
2025-12-03,Sam Houston,76
2025-12-03,Richmond,77
2025-12-03,South Fla.,78
2025-12-03,Wake Forest,79
2025-12-03,High Point,80
2025-12-03,Penn St.,81
2025-12-03,Boise St.,82
2025-12-03,Kansas St.,83
2025-12-03,Utah Valley,84
2025-12-03,Stanford,85
2025-12-03,Notre Dame,86
2025-12-03,Davidson,87
2025-12-03,Washington,88
2025-12-03,St. Bonaventure,89
2025-12-03,California Baptist,90
2025-12-03,Murray St.,91
2025-12-03,New Mexico St.,92
2025-12-03,UNCW,93
2025-12-03,Texas,94
2025-12-03,West Virginia,95
2025-12-03,Buffalo,96
2025-12-03,Hofstra,97
2025-12-03,Western Ky.,98
2025-12-03,Nevada,99
2025-12-03,Arizona St.,100
2025-12-03,San Diego St.,101
2025-12-03,Wichita St.,102
2025-12-03,Illinois St.,103
2025-12-03,Seattle U,104
2025-12-03,Providence,105
2025-12-03,Northern Colo.,106
2025-12-03,Middle Tenn.,107
2025-12-03,Creighton,108
2025-12-03,ETSU,109
2025-12-03,Xavier,110
2025-12-03,Towson,111
2025-12-03,Miami (OH),112
2025-12-03,South Alabama,113
2025-12-03,Georgetown,114
2025-12-03,Florida St.,115
2025-12-03,New Mexico,116
2025-12-03,South Carolina,117
2025-12-03,UC Davis,118
2025-12-03,UAB,119
2025-12-03,Fla. Atlantic,120
2025-12-03,Ole Miss,121
2025-12-03,Mercer,122
2025-12-03,Minnesota,123
2025-12-03,SFA,124
2025-12-03,Drake,125
2025-12-03,Idaho St.,126
2025-12-03,Marshall,127
2025-12-03,Cornell,128
2025-12-03,Liberty,129
2025-12-03,Portland St.,130
2025-12-03,Oakland,131
2025-12-03,Austin Peay,132
2025-12-03,Iona,133
2025-12-03,Cincinnati,134
2025-12-03,Hawaii,135
2025-12-03,Lipscomb,136
2025-12-03,San Francisco,137
2025-12-03,Southern Miss.,138
2025-12-03,Montana St.,139
2025-12-03,UT Martin,140
2025-12-03,Kent St.,141
2025-12-03,North Dakota St.,142
2025-12-03,Mississippi St.,143
2025-12-03,UC Irvine,144
2025-12-03,Colgate,145
2025-12-03,Memphis,146
2025-12-03,Southern Ill.,147
2025-12-03,South Dakota St.,148
2025-12-03,Siena,149
2025-12-03,Bradley,150
2025-12-03,Troy,151
2025-12-03,St. Thomas (MN),152
2025-12-03,Stony Brook,153
2025-12-03,Northern Ky.,154
2025-12-03,Quinnipiac,155
2025-12-03,Central Conn. St.,156
2025-12-03,Grand Canyon,157
2025-12-03,LMU (CA),158
2025-12-03,Toledo,159
2025-12-03,Boston College,160
2025-12-03,UC Santa Barbara,161
2025-12-03,Utah,162
2025-12-03,Fresno St.,163
2025-12-03,Pittsburgh,164
2025-12-03,Marist,165
2025-12-03,Idaho,166
2025-12-03,Marquette,167
2025-12-03,Arkansas St.,168
2025-12-03,Weber St.,169
2025-12-03,Eastern Mich.,170
2025-12-03,Robert Morris,171
2025-12-03,Wright St.,172
2025-12-03,New Orleans,173
2025-12-03,UT Arlington,174
2025-12-03,Furman,175
2025-12-03,Oregon,176
2025-12-03,Wofford,177
2025-12-03,Maryland,178
2025-12-03,Lamar University,179
2025-12-03,SIUE,180
2025-12-03,Tarleton St.,181
2025-12-03,Lindenwood,182
2025-12-03,Youngstown St.,183
2025-12-03,Charlotte,184
2025-12-03,UTRGV,185
2025-12-03,DePaul,186
2025-12-03,Tennessee St.,187
2025-12-03,Vermont,188
2025-12-03,Rutgers,189
2025-12-03,James Madison,190
2025-12-03,Temple,191
2025-12-03,Green Bay,192
2025-12-03,UIW,193
2025-12-03,Elon,194
2025-12-03,Navy,195
2025-12-03,Massachusetts,196
2025-12-03,Cal Poly,197
2025-12-03,LIU,198
2025-12-03,Denver,199
2025-12-03,Norfolk St.,200
2025-12-03,Duquesne,201
2025-12-03,Queens (NC),202
2025-12-03,Boston U.,203
2025-12-03,West Ga.,204
2025-12-03,Cal St. Fullerton,205
2025-12-03,Georgia Tech,206
2025-12-03,Kennesaw St.,207
2025-12-03,Fairfield,208
2025-12-03,Monmouth,209
2025-12-03,North Texas,210
2025-12-03,USC Upstate,211
2025-12-03,Indiana St.,212
2025-12-03,Harvard,213
2025-12-03,Penn,214
2025-12-03,Washington St.,215
2025-12-03,Alabama A&M,216
2025-12-03,UNLV,217
2025-12-03,Charleston So.,218
2025-12-03,Hampton,219
2025-12-03,Montana,220
2025-12-03,Valparaiso,221
2025-12-03,Northeastern,222
2025-12-03,FGCU,223
2025-12-03,Alabama St.,224
2025-12-03,Milwaukee,225
2025-12-03,Coastal Carolina,226
2025-12-03,Oregon St.,227
2025-12-03,Tulane,228
2025-12-03,Utah Tech,229
2025-12-03,Jacksonville,230
2025-12-03,Col. of Charleston,231
2025-12-03,Portland,232
2025-12-03,North Ala.,233
2025-12-03,UNC Asheville,234
2025-12-03,Old Dominion,235
2025-12-03,Bethune-Cookman,236
2025-12-03,Ga. Southern,237
2025-12-03,Tennessee Tech,238
2025-12-03,Southeast Mo. St.,239
2025-12-03,Grambling,240
2025-12-03,Wagner,241
2025-12-03,FIU,242
2025-12-03,UMBC,243
2025-12-03,UIC,244
2025-12-03,UC Riverside,245
2025-12-03,Fordham,246
2025-12-03,American,247
2025-12-03,Abilene Christian,248
2025-12-03,Louisiana Tech,249
2025-12-03,Campbell,250
2025-12-03,CSU Bakersfield,251
2025-12-03,A&M-Corpus Christi,252
2025-12-03,Northern Ariz.,253
2025-12-03,Presbyterian,254
2025-12-03,Rice,255
2025-12-03,Central Ark.,256
2025-12-03,San Jose St.,257
2025-12-03,N.C. A&T,258
2025-12-03,Sacramento St.,259
2025-12-03,Southern U.,260
2025-12-03,East Texas A&M,261
2025-12-03,Ohio,262
2025-12-03,Merrimack,263
2025-12-03,Sacred Heart,264
2025-12-03,Eastern Wash.,265
2025-12-03,Brown,266
2025-12-03,Bellarmine,267
2025-12-03,Western Caro.,268
2025-12-03,Samford,269
2025-12-03,Mercyhurst,270
2025-12-03,Saint Joseph's,271
2025-12-03,Texas St.,272
2025-12-03,Drexel,273
2025-12-03,La Salle,274
2025-12-03,Princeton,275
2025-12-03,South Dakota,276
2025-12-03,Holy Cross,277
2025-12-03,San Diego,278
2025-12-03,Prairie View,279
2025-12-03,Southeastern La.,280
2025-12-03,Pepperdine,281
2025-12-03,IU Indy,282
2025-12-03,Chattanooga,283
2025-12-03,Le Moyne,284
2025-12-03,CSUN,285
2025-12-03,UTSA,286
2025-12-03,Morehead St.,287
2025-12-03,Purdue Fort Wayne,288
2025-12-03,Western Mich.,289
2025-12-03,Nicholls,290
2025-12-03,Houston Christian,291
2025-12-03,Detroit Mercy,292
2025-12-03,Lehigh,293
2025-12-03,Jacksonville St.,294
2025-12-03,Long Beach St.,295
2025-12-03,Delaware,296
2025-12-03,Oral Roberts,297
2025-12-03,App State,298
2025-12-03,Omaha,299
2025-12-03,East Carolina,300
2025-12-03,Missouri St.,301
2025-12-03,Bucknell,302
2025-12-03,Bryant,303
2025-12-03,Longwood,304
2025-12-03,Howard,305
2025-12-03,Air Force,306
2025-12-03,Evansville,307
2025-12-03,UTEP,308
2025-12-03,Ark.-Pine Bluff,309
2025-12-03,Central Mich.,310
2025-12-03,Dartmouth,311
2025-12-03,Eastern Ky.,312
2025-12-03,Manhattan,313
2025-12-03,NIU,314
2025-12-03,Southern Ind.,315
2025-12-03,New Haven,316
2025-12-03,UNC Greensboro,317
2025-12-03,North Florida,318
2025-12-03,North Dakota,319
2025-12-03,Army West Point,320
2025-12-03,Loyola Maryland,321
2025-12-03,Eastern Ill.,322
2025-12-03,NJIT,323
2025-12-03,Alcorn,324
2025-12-03,UAlbany,325
2025-12-03,UMass Lowell,326
2025-12-03,Radford,327
2025-12-03,Canisius,328
2025-12-03,Maine,329
2025-12-03,N.C. Central,330
2025-12-03,UMES,331
2025-12-03,Cleveland St.,332
2025-12-03,Texas Southern,333
2025-12-03,Kansas City,334
2025-12-03,VMI,335
2025-12-03,Stetson,336
2025-12-03,Chicago St.,337
2025-12-03,Florida A&M,338
2025-12-03,Northwestern St.,339
2025-12-03,Stonehill,340
2025-12-03,Mount St. Mary's,341
2025-12-03,Little Rock,342
2025-12-03,Niagara,343
2025-12-03,Georgia St.,344
2025-12-03,Jackson St.,345
2025-12-03,Ball St.,346
2025-12-03,Southern Utah,347
2025-12-03,Loyola Chicago,348
2025-12-03,Louisiana,349
2025-12-03,New Hampshire,350
2025-12-03,ULM,351
2025-12-03,Saint Peter's,352
2025-12-03,Lafayette,353
2025-12-03,Morgan St.,354
2025-12-03,South Carolina St.,355
2025-12-03,Binghamton,356
2025-12-03,Gardner-Webb,357
2025-12-03,Saint Francis,358
2025-12-03,FDU,359
2025-12-03,Western Ill.,360
2025-12-03,Coppin St.,361
2025-12-03,Delaware St.,362
2025-12-03,Rider,363
2025-12-03,Mississippi Val.,364
2025-12-03,The Citadel,365
2025-12-04,Michigan,1
2025-12-04,Duke,2
2025-12-04,Purdue,3
2025-12-04,Vanderbilt,4
2025-12-04,Gonzaga,5
2025-12-04,Arizona,6
2025-12-04,Iowa St.,7
2025-12-04,UConn,8
2025-12-04,BYU,9
2025-12-04,Michigan St.,10
2025-12-04,Alabama,11
2025-12-04,Louisville,12
2025-12-04,North Carolina,13
2025-12-04,Georgia,14
2025-12-04,Virginia,15
2025-12-04,LSU,16
2025-12-04,Houston,17
2025-12-04,St. John's (NY),18
2025-12-04,Kentucky,19
2025-12-04,Kansas,20
2025-12-04,Tennessee,21
2025-12-04,Butler,22
2025-12-04,Southern California,23
2025-12-04,Indiana,24
2025-12-04,Florida,25
2025-12-04,Illinois,26
2025-12-04,Clemson,27
2025-12-04,Saint Mary's (CA),28
2025-12-04,Auburn,29
2025-12-04,Miami (FL),30
2025-12-04,Iowa,31
2025-12-04,Nebraska,32
2025-12-04,Arkansas,33
2025-12-04,Saint Louis,34
2025-12-04,Yale,35
2025-12-04,Texas Tech,36
2025-12-04,Santa Clara,37
2025-12-04,SMU,38
2025-12-04,Tulsa,39
2025-12-04,George Mason,40
2025-12-04,Utah St.,41
2025-12-04,Colorado,42
2025-12-04,Villanova,43
2025-12-04,Akron,44
2025-12-04,NC State,45
2025-12-04,Seton Hall,46
2025-12-04,TCU,47
2025-12-04,George Washington,48
2025-12-04,UCF,49
2025-12-04,Oklahoma St.,50
2025-12-04,UCLA,51
2025-12-04,William & Mary,52
2025-12-04,Wisconsin,53
2025-12-04,VCU,54
2025-12-04,California,55
2025-12-04,UC San Diego,56
2025-12-04,Oklahoma,57
2025-12-04,Northwestern,58
2025-12-04,Wyoming,59
2025-12-04,McNeese,60
2025-12-04,Colorado St.,61
2025-12-04,Bowling Green,62
2025-12-04,Columbia,63
2025-12-04,Ohio St.,64
2025-12-04,South Fla.,65
2025-12-04,Missouri,66
2025-12-04,Baylor,67
2025-12-04,Virginia Tech,68
2025-12-04,Belmont,69
2025-12-04,Dayton,70
2025-12-04,Syracuse,71
2025-12-04,Texas A&M,72
2025-12-04,UNI,73
2025-12-04,Winthrop,74
2025-12-04,Sam Houston,75
2025-12-04,Pacific,76
2025-12-04,Rhode Island,77
2025-12-04,Richmond,78
2025-12-04,Wake Forest,79
2025-12-04,High Point,80
2025-12-04,Penn St.,81
2025-12-04,Boise St.,82
2025-12-04,Kansas St.,83
2025-12-04,Utah Valley,84
2025-12-04,Notre Dame,85
2025-12-04,Stanford,86
2025-12-04,Washington,87
2025-12-04,St. Bonaventure,88
2025-12-04,Murray St.,89
2025-12-04,California Baptist,90
2025-12-04,Texas,91
2025-12-04,New Mexico St.,92
2025-12-04,Western Ky.,93
2025-12-04,UNCW,94
2025-12-04,West Virginia,95
2025-12-04,Arizona St.,96
2025-12-04,Buffalo,97
2025-12-04,Hofstra,98
2025-12-04,San Diego St.,99
2025-12-04,Wichita St.,100
2025-12-04,Illinois St.,101
2025-12-04,Seattle U,102
2025-12-04,Providence,103
2025-12-04,Nevada,104
2025-12-04,Middle Tenn.,105
2025-12-04,Creighton,106
2025-12-04,Davidson,107
2025-12-04,ETSU,108
2025-12-04,Xavier,109
2025-12-04,Towson,110
2025-12-04,South Alabama,111
2025-12-04,Northern Colo.,112
2025-12-04,Miami (OH),113
2025-12-04,Georgetown,114
2025-12-04,New Mexico,115
2025-12-04,Florida St.,116
2025-12-04,South Carolina,117
2025-12-04,UAB,118
2025-12-04,Fla. Atlantic,119
2025-12-04,Drake,120
2025-12-04,Mercer,121
2025-12-04,Idaho St.,122
2025-12-04,SFA,123
2025-12-04,Ole Miss,124
2025-12-04,Minnesota,125
2025-12-04,Hawaii,126
2025-12-04,Marshall,127
2025-12-04,Cornell,128
2025-12-04,Oakland,129
2025-12-04,UC Davis,130
2025-12-04,Liberty,131
2025-12-04,Austin Peay,132
2025-12-04,Portland St.,133
2025-12-04,Cincinnati,134
2025-12-04,Lipscomb,135
2025-12-04,Iona,136
2025-12-04,Southern Miss.,137
2025-12-04,San Francisco,138
2025-12-04,North Dakota St.,139
2025-12-04,UC Irvine,140
2025-12-04,UT Martin,141
2025-12-04,Kent St.,142
2025-12-04,Montana St.,143
2025-12-04,Mississippi St.,144
2025-12-04,Colgate,145
2025-12-04,Troy,146
2025-12-04,South Dakota St.,147
2025-12-04,Memphis,148
2025-12-04,Southern Ill.,149
2025-12-04,Siena,150
2025-12-04,Bradley,151
2025-12-04,Robert Morris,152
2025-12-04,Stony Brook,153
2025-12-04,Northern Ky.,154
2025-12-04,Quinnipiac,155
2025-12-04,St. Thomas (MN),156
2025-12-04,Central Conn. St.,157
2025-12-04,Grand Canyon,158
2025-12-04,Idaho,159
2025-12-04,Toledo,160
2025-12-04,LMU (CA),161
2025-12-04,Boston College,162
2025-12-04,Utah,163
2025-12-04,Marist,164
2025-12-04,Pittsburgh,165
2025-12-04,Marquette,166
2025-12-04,Arkansas St.,167
2025-12-04,Fresno St.,168
2025-12-04,Weber St.,169
2025-12-04,UC Santa Barbara,170
2025-12-04,Eastern Mich.,171
2025-12-04,Wright St.,172
2025-12-04,New Orleans,173
2025-12-04,UT Arlington,174
2025-12-04,Oregon,175
2025-12-04,Furman,176
2025-12-04,Lamar University,177
2025-12-04,Wofford,178
2025-12-04,Maryland,179
2025-12-04,SIUE,180
2025-12-04,Tarleton St.,181
2025-12-04,Cal Poly,182
2025-12-04,Lindenwood,183
2025-12-04,Youngstown St.,184
2025-12-04,UTRGV,185
2025-12-04,Tennessee St.,186
2025-12-04,DePaul,187
2025-12-04,Charlotte,188
2025-12-04,Vermont,189
2025-12-04,Rutgers,190
2025-12-04,James Madison,191
2025-12-04,UIW,192
2025-12-04,Temple,193
2025-12-04,Elon,194
2025-12-04,Navy,195
2025-12-04,LIU,196
2025-12-04,Massachusetts,197
2025-12-04,Kennesaw St.,198
2025-12-04,West Ga.,199
2025-12-04,Denver,200
2025-12-04,Norfolk St.,201
2025-12-04,Duquesne,202
2025-12-04,Queens (NC),203
2025-12-04,Monmouth,204
2025-12-04,Georgia Tech,205
2025-12-04,Boston U.,206
2025-12-04,Fairfield,207
2025-12-04,North Texas,208
2025-12-04,USC Upstate,209
2025-12-04,Indiana St.,210
2025-12-04,Green Bay,211
2025-12-04,Harvard,212
2025-12-04,Alabama A&M,213
2025-12-04,Penn,214
2025-12-04,Washington St.,215
2025-12-04,Montana,216
2025-12-04,Charleston So.,217
2025-12-04,UNLV,218
2025-12-04,Hampton,219
2025-12-04,FGCU,220
2025-12-04,Valparaiso,221
2025-12-04,Northeastern,222
2025-12-04,Milwaukee,223
2025-12-04,Alabama St.,224
2025-12-04,Coastal Carolina,225
2025-12-04,Oregon St.,226
2025-12-04,Utah Tech,227
2025-12-04,Col. of Charleston,228
2025-12-04,Jacksonville,229
2025-12-04,Cal St. Fullerton,230
2025-12-04,North Ala.,231
2025-12-04,UNC Asheville,232
2025-12-04,Tulane,233
2025-12-04,Southeast Mo. St.,234
2025-12-04,Old Dominion,235
2025-12-04,Tennessee Tech,236
2025-12-04,Ga. Southern,237
2025-12-04,Bethune-Cookman,238
2025-12-04,Wagner,239
2025-12-04,UIC,240
2025-12-04,Portland,241
2025-12-04,UMBC,242
2025-12-04,FIU,243
2025-12-04,Grambling,244
2025-12-04,Fordham,245
2025-12-04,American,246
2025-12-04,UC Riverside,247
2025-12-04,Abilene Christian,248
2025-12-04,Louisiana Tech,249
2025-12-04,Northern Ariz.,250
2025-12-04,Campbell,251
2025-12-04,A&M-Corpus Christi,252
2025-12-04,Presbyterian,253
2025-12-04,Rice,254
2025-12-04,Central Ark.,255
2025-12-04,San Jose St.,256
2025-12-04,East Texas A&M,257
2025-12-04,Southern U.,258
2025-12-04,CSUN,259
2025-12-04,N.C. A&T,260
2025-12-04,Sacramento St.,261
2025-12-04,Ohio,262
2025-12-04,Sacred Heart,263
2025-12-04,Eastern Wash.,264
2025-12-04,Bellarmine,265
2025-12-04,Brown,266
2025-12-04,Western Caro.,267
2025-12-04,Mercyhurst,268
2025-12-04,Samford,269
2025-12-04,Saint Joseph's,270
2025-12-04,Texas St.,271
2025-12-04,Drexel,272
2025-12-04,La Salle,273
2025-12-04,Merrimack,274
2025-12-04,Princeton,275
2025-12-04,CSU Bakersfield,276
2025-12-04,Holy Cross,277
2025-12-04,San Diego,278
2025-12-04,South Dakota,279
2025-12-04,Prairie View,280
2025-12-04,Southeastern La.,281
2025-12-04,Chattanooga,282
2025-12-04,IU Indy,283
2025-12-04,Le Moyne,284
2025-12-04,Pepperdine,285
2025-12-04,UTSA,286
2025-12-04,Morehead St.,287
2025-12-04,Purdue Fort Wayne,288
2025-12-04,Houston Christian,289
2025-12-04,Western Mich.,290
2025-12-04,Nicholls,291
2025-12-04,Long Beach St.,292
2025-12-04,Detroit Mercy,293
2025-12-04,Jacksonville St.,294
2025-12-04,Lehigh,295
2025-12-04,Oral Roberts,296
2025-12-04,Delaware,297
2025-12-04,App State,298
2025-12-04,Omaha,299
2025-12-04,East Carolina,300
2025-12-04,Missouri St.,301
2025-12-04,Bucknell,302
2025-12-04,Bryant,303
2025-12-04,Longwood,304
2025-12-04,Howard,305
2025-12-04,Air Force,306
2025-12-04,Evansville,307
2025-12-04,Central Mich.,308
2025-12-04,Eastern Ky.,309
2025-12-04,Ark.-Pine Bluff,310
2025-12-04,Dartmouth,311
2025-12-04,Manhattan,312
2025-12-04,NIU,313
2025-12-04,UTEP,314
2025-12-04,Southern Ind.,315
2025-12-04,New Haven,316
2025-12-04,UNC Greensboro,317
2025-12-04,North Dakota,318
2025-12-04,North Florida,319
2025-12-04,Army West Point,320
2025-12-04,Loyola Maryland,321
2025-12-04,Eastern Ill.,322
2025-12-04,NJIT,323
2025-12-04,Alcorn,324
2025-12-04,UAlbany,325
2025-12-04,UMass Lowell,326
2025-12-04,Radford,327
2025-12-04,Canisius,328
2025-12-04,N.C. Central,329
2025-12-04,Maine,330
2025-12-04,UMES,331
2025-12-04,Cleveland St.,332
2025-12-04,Texas Southern,333
2025-12-04,Kansas City,334
2025-12-04,VMI,335
2025-12-04,Stetson,336
2025-12-04,Florida A&M,337
2025-12-04,Chicago St.,338
2025-12-04,Northwestern St.,339
2025-12-04,Stonehill,340
2025-12-04,Little Rock,341
2025-12-04,Mount St. Mary's,342
2025-12-04,Niagara,343
2025-12-04,Georgia St.,344
2025-12-04,Jackson St.,345
2025-12-04,Ball St.,346
2025-12-04,Southern Utah,347
2025-12-04,Loyola Chicago,348
2025-12-04,Louisiana,349
2025-12-04,New Hampshire,350
2025-12-04,ULM,351
2025-12-04,Lafayette,352
2025-12-04,Saint Peter's,353
2025-12-04,Morgan St.,354
2025-12-04,South Carolina St.,355
2025-12-04,Binghamton,356
2025-12-04,Gardner-Webb,357
2025-12-04,Saint Francis,358
2025-12-04,FDU,359
2025-12-04,Rider,360
2025-12-04,Coppin St.,361
2025-12-04,Western Ill.,362
2025-12-04,Delaware St.,363
2025-12-04,The Citadel,364
2025-12-04,Mississippi Val.,365
